category,title,content
市場リスク,需要動向に関するリスク,"当社グループの製品は、ケーブル、ハーネス、コネクタ、機器（パッシブ・電子）からなり、主に電設業界、放
送機器業界向けに販売されており、これらの業界向け製品は、2024年12月期では当社国内売上において68％を占め
ております。したがって、これらの業界の設備投資動向によっては、当社グループの業績が影響を受ける可能性が
あります。"
市場リスク,海外事業リスク,"当社グループは生産拠点を中国、販売拠点を米国、韓国、中国、台湾、ドイツ、シンガポール、インド、中東に
置き、その他地域は当社から直接輸出する形で海外事業を営み、その海外売上比率は51％となっておりますので、
事業活動を行うにはそれらの国における認可、税制、金融、輸出入等に関する各種法的規制や経済政策等の影響を
受けます。将来において、これらの規制や政策等の変更が行われ、これらを遵守することが困難になったり、遵守
するためのコスト負担の増加等の理由により、当社グループの業績が影響を受ける可能性があります。
特に中国は、当社グループ製品の販売に加え生産拠点（2024年12月期当社仕入実績の７％）となっていることも
あり、為替変動、税制、法的規制等の変更は当社グループの業績に大きな影響を及ぼす可能性があります。"
市場リスク,銅、黄銅等の原材料価格上昇が業績に悪影響を及ぼすリスク,"当社グループ製品の主要材料である銅、黄銅等の価格上昇は、ケーブル製品（2024年12月期連結売上比率
38％）、コネクタ製品（2024年12月期連結売上比率13％）の仕入価格の上昇をもたらします。当社グループは可能
な限り、価格転嫁を避けるべくコスト削減等の最大限の努力をいたしますが、それでも銅、黄銅等の価格上昇を吸
収しきれない場合は、製品価格への転嫁による対応をはかります。しかしながら、製品価格への転嫁が遅れる場合
又は当社の思惑どおりに価格転嫁が進まない場合には、当社グループの業績に影響を及ぼす可能性があります。"
市場リスク,為替レート変動リスク,"当社グループの海外売上高比率は2024年12月期において51％となっております。外貨建債権債務の残高調整や為
替予約の適宜活用によるリスクヘッジを行うことで、為替変動による影響を最小限に抑えるよう努力しております
が、必ずしも為替リスクを完全に回避できるものではありません。そのため、為替レート変動により、当社グルー
プの業績が影響を受ける可能性があります。"
業務リスク,外注委託リスク,"当社グループは、生産の多くを外注先に委託（2024年12月期外注比率65％）しております。外注先において生産
に支障が生じた場合に、外注先からの供給に一時的な支障が生じる可能性があり、結果として当社グループの業績
に影響を及ぼす可能性があります。"
業務リスク,品質に関するリスク,"当社グループは、品質に関して、管理体制を徹底しておりますが、予期しない品質トラブルにより多額の回収費
用及び補償費用が発生する可能性があります。製造物責任賠償については保険に加入しておりますが、この保険で
最終的に負担する賠償額すべてをカバーできる保証はありません。多額の回収費用又は補償費用を要する品質トラ
ブルや製造物責任賠償の対象となる事故が起きた場合等において、当社グループの業績が影響を受ける可能性があ
ります。"
経営リスク,研究開発リスク,"当社グループは、将来の競争力を決めるであろう研究開発のテーマを慎重に選択し、充分な経営資源（2024年12
月期対連結売上高比４％）を配分し研究開発活動を推進しております。しかしながら、研究開発内容が高度化すれ
ばするほど、市場のニーズに合致した製品をタイムリーかつ継続的に製品化できるとは限りません。結果としまし
て、製品化の遅れ等が当社グループの業績に影響を及ぼす可能性があります。
- 10 -(８)知的所有権
当社グループの製品開発、販売におきましては、特許権、商標権、実用新案権、意匠権等の知的所有権が関係し
ている場合があり、第三者の所有する知的所有権を侵害するリスクを必ずしも否定できません。その場合、訴訟を
おこされる可能性があり、当社グループ製品の生産、販売に制限を受けたり、損害賠償金等の支払いが発生する可
能性があり、当社グループの業績に影響を及ぼす可能性があります。"
業務リスク,コンピュータシステムトラブル,"当社グループの各業務は、コンピュータシステムと通信ネットワークに依存しており、これらが災害等で稼働不
能となった場合、事業遂行に影響を及ぼす可能性があります。取引データについては、バックアップを行うことに
より、稼働再開の短縮化をはかっております。
４"
